{
  "player_build_data": [
    {
      "type": "playerBuildTimingData",
      "msg": {
        "build_event_id": "9ec5dd24035f3814da31fba51fc65750",
        "build_player": 84650,
        "preprocess_player": 51,
        "produce_player_script_assemblies": 51407,
        "build_scripts_dlls": 2003,
        "writing_asset_files": 99,
        "postprocess_built_player": 21154,
        "node_summary_table": [
          {
            "name": "Csc",
            "duration": 4635
          },
          {
            "name": "Csc",
            "duration": 3965
          },
          {
            "name": "Csc",
            "duration": 14210
          },
          {
            "name": "Csc",
            "duration": 1569
          },
          {
            "name": "Csc",
            "duration": 1998
          },
          {
            "name": "Csc",
            "duration": 8759
          },
          {
            "name": "Csc",
            "duration": 7470
          },
          {
            "name": "Csc",
            "duration": 20476
          },
          {
            "name": "Csc",
            "duration": 2018
          },
          {
            "name": "Csc",
            "duration": 2444
          },
          {
            "name": "Csc",
            "duration": 574
          },
          {
            "name": "Csc",
            "duration": 4871
          },
          {
            "name": "Csc",
            "duration": 1944
          },
          {
            "name": "Csc",
            "duration": 4032
          },
          {
            "name": "Csc",
            "duration": 5464
          },
          {
            "name": "Csc",
            "duration": 3015
          },
          {
            "name": "Csc",
            "duration": 3087
          },
          {
            "name": "Csc",
            "duration": 9144
          },
          {
            "name": "Csc",
            "duration": 4315
          },
          {
            "name": "Csc",
            "duration": 1190
          },
          {
            "name": "Csc",
            "duration": 410
          },
          {
            "name": "Csc",
            "duration": 8823
          },
          {
            "name": "Csc",
            "duration": 10674
          },
          {
            "name": "Csc",
            "duration": 4654
          },
          {
            "name": "Csc",
            "duration": 1245
          },
          {
            "name": "Csc",
            "duration": 4635
          },
          {
            "name": "Csc",
            "duration": 4635
          }
        ]
      },
      "version": 1
    }
  ]
}